{"lr-AdamW": 0.0, "trainer/global_step": 781, "_timestamp": 1713512708.9524956, "_runtime": 294.047655582428, "_step": 15, "val_loss": 0.06001501902937889, "val_accuracy": 0.9860000014305115, "epoch": 0, "_wandb": {"runtime": 316}}