{"lr-AdamW": 0.0, "trainer/global_step": 749, "_timestamp": 1713513079.6549466, "_runtime": 260.14000844955444, "_step": 14}